time	valueA	valueB	        valueC
5	0.8721  0.001000        147.12	
10	1.2276	0.001000	106.38
15	1.7051	0.001001	77.93	
20	2.3390	0.001002	57.79
25	3.1690	0.001003	43.36
30	4.2460	0.001004	32.89	
35	5.6280	0.001006	25.22	
40	7.384	0.0010080	19.52	
45	9.593	0.0010100	15.26
